art,Paul McCartney Photographs 1963-64: Eyes of the Storm,de Young; San Francisco; CA,Mar 1,Jul 6,Paul McCartney
art,Ruth Asawa: Retrospective,SFMOMA; San Francisco; CA,Apr 5,Sep 2,Ruth Asawa
music,Outside Lands,San Francisco; CA,Aug 8,Aug 10,Tyler the Creator-Hozier-Doja Cat-John Summit-Vampire Weekend-Ludacris-Doechii-Fujii Kaze-Gracie Adams
music,Coachella,Indio; CA,Apr 11,Apr 13,Lady Gaga-Charli xcx-Post Malone-Megan Thee Stallion-Zedd-Jennie-Lisa-Enhyphen-Keshi
sports,Superbowl,New Orleans; LA,Feb 9,Feb 9,Kansas City Chiefs-Philadelphia Eagles
tech,RSA Conference,San Francisco; CA,Apr 28,May 1,Eric Olson-Kevin Mandia-Aditi Shah-Nicole Perlroth
music,Glastonbury,Worthy Farm; Pilton, England,Jun 26 2024,Jun 30 2024,Dua Lipa-SZA-Idris Elba-Little Simz-Shania Twain
art,A Poem for Deep Thinkers,Guggenheim Museum; New York,Apr 18,Jan 18 2026,Rashid Johnson
tech,Oracle AI World,Las Vegas,Oct13,Oct 16,Steve Miranda-Clay Magouyrk-Larry Ellison
sports,NBA Finals,Paycom Center; Oklahoma City,Jun 05,Jun 22,Indiana Pacers-Oklahoma City Thunder
